term,estimate,std.error,statistic,p.value
(Intercept),6.409506191594208,0.03054361202541849,209.84768226692367,2.274560474978407e-36
native_language1,0.12180990367987897,0.06108722405083698,1.9940323950308887,0.05929491666038983
